,Unnamed: 0,video_id,channel_title,channel_id,date,video_title,video_links,domains
30604,30604,183aLNK8Rn0,magrit_alessa,UCxD-4oywP_o6acH0HGhchLw,2022-02-27 04:08:13,"#MMWC(21 Feb 2022-27 Feb 2022): THE HARDKISS, –°–∫—Ä—è–±—ñ–Ω, KOZAK SYSTEM,–¢–ù–ú–ö, –û–∫–µ–∞–Ω –ï–ª—å–∑–∏, –ë–ïZ –û–ë–ú–ï–ñ–ï–ù–¨","['https://savelife.in.ua/donate', 'https://savelife.in.ua/en/donate-en/', 'https://www.comebackalive.in.ua/uk/donate', 'https://prytulafoundation.org', 'https://koloua.com', 'https://www.hospitallers.life', 'https://u24.gov.ua', 'https://bank.gov.ua/ua/news/all/natsionalniy-bank-vidkriv-spetsrahunok-dlya-zboru-koshtiv-na-potrebi-armiyi', 'https://bank.gov.ua/en/news/all/natsionalniy-bank-vidkriv-spetsrahunok-dlya-zboru-koshtiv-na-potrebi-armiyi', 'https://vulpianorecords.bandcamp.com/album/rampar', 'https://www.youtube.com/watch?v=y-WOw8Bv6_8', 'https://www.youtube.com/watch?v=YnqPII-qT78', 'https://www.youtube.com/watch?v=l5hBEkvLVS8', 'https://www.youtube.com/watch?v=oT_a2H98F-M', 'https://www.youtube.com/watch?v=qsU8ydFB4yk', 'https://www.youtube.com/watch?v=wc6wpEck3DE', 'https://www.youtube.com/watch?v=GZlRzArUfKw', 'https://www.youtube.com/watch?v=xgr9AEyySbo', 'https://www.youtube.com/watch?v=FWH7lRJ6mPw', 'https://www.youtube.com/watch?v=KMijqA1may8', 'https://magrit-alessa.tumblr.com/', 'https://twitter.com/magrit_alessa']","['savelife.in.ua', 'savelife.in.ua', 'www.comebackalive.in.ua', 'prytulafoundation.org', 'koloua.com', 'www.hospitallers.life', 'u24.gov.ua', 'bank.gov.ua', 'bank.gov.ua', 'vulpianorecords.bandcamp.com', 'www.youtube.com', 'www.youtube.com', 'www.youtube.com', 'www.youtube.com', 'www.youtube.com', 'www.youtube.com', 'www.youtube.com', 'www.youtube.com', 'www.youtube.com', 'www.youtube.com', 'magrit-alessa.tumblr.com', 'twitter.com']"
34013,34013,PsF0tFMFJc0,Speak Ukrainian,UCSTYIEpLtn_dqY7mMBoF3kA,2022-02-27 15:17:08,WAR IN UKRAINE. Russians invaded us. What is going on and how to support Ukraine?,"['https://www.speakua.com/from-absolute-beginner-to-a-confident-speaker/', 'https://www.speakua.com/', 'https://speak-ukrainian.myshopify.com/', 'https://prytulafoundation.org/en', 'https://bank.gov.ua/en/news/all/natsionalniy-bank-vidkriv-spetsrahunok-dlya-zboru-koshtiv-na-potrebi-armiyi', 'https://savelife.in.ua/en/donate-en/#donate-army-card-monthly', 'https://bit.ly/34WBPOo.', 'https://razomforukraine.org/', 'https://secure.wayforpay.com/payment/s68a65f13b9e7', 'https://mobile.twitter.com/Ukraine/status/1497594592438497282?t=tVgfRFXlRlS9_bYGYQ8hvA&s=09', 'https://open.spotify.com/show/1aX6lVuf8K5kS8ZMyZoRqG', 'https://mailchi.mp/speakua.com/course', 'https://www.speakua.com/online-lessons/', 'https://www.speakua.com/product/master-ukrainian-cases-hardcover/', 'https://www.speakua.com/product-category/flashcards/', 'https://www.instagram.com/speak_ukrainian_language/', 'https://www.facebook.com/speakukrainian/', 'https://secure.wayforpay.com/payment/s68a65f13b9e7', 'https://www.patreon.com/SpeakUkrainian']","['www.speakua.com', 'www.speakua.com', 'speak-ukrainian.myshopify.com', 'prytulafoundation.org', 'bank.gov.ua', 'savelife.in.ua', 'bit.ly', 'razomforukraine.org', 'secure.wayforpay.com', 'mobile.twitter.com', 'open.spotify.com', 'mailchi.mp', 'www.speakua.com', 'www.speakua.com', 'www.speakua.com', 'www.instagram.com', 'www.facebook.com', 'secure.wayforpay.com', 'www.patreon.com']"
34014,34014,PsF0tFMFJc0,Speak Ukrainian,UCSTYIEpLtn_dqY7mMBoF3kA,2022-02-27 15:17:08,WAR IN UKRAINE. Russians invaded us. What is going on and how to support Ukraine?,"['https://www.speakua.com/from-absolute-beginner-to-a-confident-speaker/', 'https://www.speakua.com/', 'https://speak-ukrainian.myshopify.com/', 'https://prytulafoundation.org/en', 'https://bank.gov.ua/en/news/all/natsionalniy-bank-vidkriv-spetsrahunok-dlya-zboru-koshtiv-na-potrebi-armiyi', 'https://savelife.in.ua/en/donate-en/#donate-army-card-monthly', 'https://bit.ly/34WBPOo.', 'https://razomforukraine.org/', 'https://secure.wayforpay.com/payment/s68a65f13b9e7', 'https://mobile.twitter.com/Ukraine/status/1497594592438497282?t=tVgfRFXlRlS9_bYGYQ8hvA&s=09', 'https://open.spotify.com/show/1aX6lVuf8K5kS8ZMyZoRqG', 'https://mailchi.mp/speakua.com/course', 'https://www.speakua.com/online-lessons/', 'https://www.speakua.com/product/master-ukrainian-cases-hardcover/', 'https://www.speakua.com/product-category/flashcards/', 'https://www.instagram.com/speak_ukrainian_language/', 'https://www.facebook.com/speakukrainian/', 'https://secure.wayforpay.com/payment/s68a65f13b9e7', 'https://www.patreon.com/SpeakUkrainian']","['www.speakua.com', 'www.speakua.com', 'speak-ukrainian.myshopify.com', 'prytulafoundation.org', 'bank.gov.ua', 'savelife.in.ua', 'bit.ly', 'razomforukraine.org', 'secure.wayforpay.com', 'mobile.twitter.com', 'open.spotify.com', 'mailchi.mp', 'www.speakua.com', 'www.speakua.com', 'www.speakua.com', 'www.instagram.com', 'www.facebook.com', 'secure.wayforpay.com', 'www.patreon.com']"
66046,66046,4j2ARB1I1Z4,Speak Ukrainian,UCSTYIEpLtn_dqY7mMBoF3kA,2022-03-03 16:00:01,Why do so many Ukrainians speak Russian? Russian Aggression on Ukrainian language. History Overview,"['https://www.speakua.com/from-absolute-beginner-to-a-confident-speaker/', 'https://www.speakua.com/', 'https://speak-ukrainian.myshopify.com/', 'https://prytulafoundation.org/en', 'https://bank.gov.ua/en/news/all/natsionalniy-bank-vidkriv-spetsrahunok-dlya-zboru-koshtiv-na-potrebi-armiyi', 'https://savelife.in.ua/en/donate-en/#donate-army-card-monthly', 'https://bit.ly/34WBPOo.', 'https://razomforukraine.org/', 'https://secure.wayforpay.com/payment/s68a65f13b9e7', 'https://mobile.twitter.com/Ukraine/status/1497594592438497282?t=tVgfRFXlRlS9_bYGYQ8hvA&s=09', 'https://open.spotify.com/show/1aX6lVuf8K5kS8ZMyZoRqG', 'https://mailchi.mp/speakua.com/course', 'https://www.speakua.com/online-lessons/', 'https://www.speakua.com/product/master-ukrainian-cases-hardcover/', 'https://www.speakua.com/product-category/flashcards/', 'https://www.instagram.com/speak_ukrainian_language/', 'https://www.facebook.com/speakukrainian/', 'https://secure.wayforpay.com/payment/s68a65f13b9e7', 'https://www.patreon.com/SpeakUkrainian']","['www.speakua.com', 'www.speakua.com', 'speak-ukrainian.myshopify.com', 'prytulafoundation.org', 'bank.gov.ua', 'savelife.in.ua', 'bit.ly', 'razomforukraine.org', 'secure.wayforpay.com', 'mobile.twitter.com', 'open.spotify.com', 'mailchi.mp', 'www.speakua.com', 'www.speakua.com', 'www.speakua.com', 'www.instagram.com', 'www.facebook.com', 'secure.wayforpay.com', 'www.patreon.com']"
110089,110089,Ijifommq7W0,Speak Ukrainian,UCSTYIEpLtn_dqY7mMBoF3kA,2022-03-10 16:00:15,–û–¢–ß–ï –ù–ê–® - The Lord‚Äôs Prayer in Ukrainian language,"['https://www.speakua.com/from-absolute-beginner-to-a-confident-speaker/', 'https://www.speakua.com/', 'https://speak-ukrainian.myshopify.com/', 'https://prytulafoundation.org/en', 'https://bank.gov.ua/en/news/all/natsionalniy-bank-vidkriv-spetsrahunok-dlya-zboru-koshtiv-na-potrebi-armiyi', 'https://savelife.in.ua/en/donate-en/#donate-army-card-monthly', 'https://bit.ly/34WBPOo.', 'https://razomforukraine.org/', 'https://secure.wayforpay.com/payment/s68a65f13b9e7', 'https://mobile.twitter.com/Ukraine/status/1497594592438497282?t=tVgfRFXlRlS9_bYGYQ8hvA&s=09', 'https://open.spotify.com/show/1aX6lVuf8K5kS8ZMyZoRqG', 'https://mailchi.mp/speakua.com/course', 'https://www.speakua.com/online-lessons/', 'https://www.speakua.com/product/master-ukrainian-cases-hardcover/', 'https://www.speakua.com/product-category/flashcards/', 'https://www.instagram.com/speak_ukrainian_language/', 'https://www.facebook.com/speakukrainian/', 'https://secure.wayforpay.com/payment/s68a65f13b9e7', 'https://www.patreon.com/SpeakUkrainian']","['www.speakua.com', 'www.speakua.com', 'speak-ukrainian.myshopify.com', 'prytulafoundation.org', 'bank.gov.ua', 'savelife.in.ua', 'bit.ly', 'razomforukraine.org', 'secure.wayforpay.com', 'mobile.twitter.com', 'open.spotify.com', 'mailchi.mp', 'www.speakua.com', 'www.speakua.com', 'www.speakua.com', 'www.instagram.com', 'www.facebook.com', 'secure.wayforpay.com', 'www.patreon.com']"
126053,126053,UT9YbmcQ8mM,magrit_alessa,UCxD-4oywP_o6acH0HGhchLw,2022-03-14 01:35:20,"#MMWC(07 Mar 2022-13 Mar 2022):Joji,Noah Kahan,Florence+The Machine,Fuld Effekt,Travis,Ashmute et al","['https://savelife.in.ua/donate', 'https://savelife.in.ua/en/donate-en/', 'https://www.comebackalive.in.ua/uk/donate', 'https://prytulafoundation.org', 'https://koloua.com', 'https://www.hospitallers.life', 'https://u24.gov.ua', 'https://bank.gov.ua/ua/news/all/natsionalniy-bank-vidkriv-spetsrahunok-dlya-zboru-koshtiv-na-potrebi-armiyi', 'https://bank.gov.ua/en/news/all/natsionalniy-bank-vidkriv-spetsrahunok-dlya-zboru-koshtiv-na-potrebi-armiyi', 'https://bank.gov.ua/en/news/all/natsionalniy-bank-vidkriv-rahunok-dlya-gumanitarnoyi-dopomogi-ukrayintsyam-postrajdalim-vid-rosiyskoyi-agresiyi', 'https://vulpianorecords.bandcamp.com/album/rampar', 'https://www.youtube.com/watch?v=VRSDYZMpMbI', 'https://www.youtube.com/watch?v=jPgKdG3zN8k', 'https://www.youtube.com/watch?v=rCDDw7TltQw', 'https://www.youtube.com/watch?v=KH8w0NqdZfA', 'https://www.youtube.com/watch?v=tG7wLK4aAOE', 'https://www.youtube.com/watch?v=Kn9IixR9YjU', 'https://www.youtube.com/watch?v=JZAYWMVUdNY', 'https://www.youtube.com/watch?v=jN3Ee1tFjXs', 'https://www.youtube.com/watch?v=5HzpPl5a9EA', 'https://www.youtube.com/watch?v=h9CNGPy11Jc']","['savelife.in.ua', 'savelife.in.ua', 'www.comebackalive.in.ua', 'prytulafoundation.org', 'koloua.com', 'www.hospitallers.life', 'u24.gov.ua', 'bank.gov.ua', 'bank.gov.ua', 'bank.gov.ua', 'vulpianorecords.bandcamp.com', 'www.youtube.com', 'www.youtube.com', 'www.youtube.com', 'www.youtube.com', 'www.youtube.com', 'www.youtube.com', 'www.youtube.com', 'www.youtube.com', 'www.youtube.com', 'www.youtube.com']"
154982,154982,NPqdIcbOLF4,Speak Ukrainian,UCSTYIEpLtn_dqY7mMBoF3kA,2022-03-19 17:56:30,Updates about the situation in Ukraine. My charity project,"['https://www.speakua.com/from-absolute-beginner-to-a-confident-speaker/', 'https://www.speakua.com/', 'https://speak-ukrainian.myshopify.com/', 'https://prytulafoundation.org/en', 'https://bank.gov.ua/en/news/all/natsionalniy-bank-vidkriv-spetsrahunok-dlya-zboru-koshtiv-na-potrebi-armiyi', 'https://savelife.in.ua/en/donate-en/#donate-army-card-monthly', 'https://bit.ly/34WBPOo.', 'https://razomforukraine.org/', 'https://secure.wayforpay.com/payment/s68a65f13b9e7', 'https://mobile.twitter.com/Ukraine/status/1497594592438497282?t=tVgfRFXlRlS9_bYGYQ8hvA&s=09', 'https://open.spotify.com/show/1aX6lVuf8K5kS8ZMyZoRqG', 'https://mailchi.mp/speakua.com/course', 'https://www.speakua.com/online-lessons/', 'https://www.speakua.com/product/master-ukrainian-cases-hardcover/', 'https://www.speakua.com/product-category/flashcards/', 'https://www.instagram.com/speak_ukrainian_language/', 'https://www.facebook.com/speakukrainian/', 'https://secure.wayforpay.com/payment/s68a65f13b9e7', 'https://www.patreon.com/SpeakUkrainian']","['www.speakua.com', 'www.speakua.com', 'speak-ukrainian.myshopify.com', 'prytulafoundation.org', 'bank.gov.ua', 'savelife.in.ua', 'bit.ly', 'razomforukraine.org', 'secure.wayforpay.com', 'mobile.twitter.com', 'open.spotify.com', 'mailchi.mp', 'www.speakua.com', 'www.speakua.com', 'www.speakua.com', 'www.instagram.com', 'www.facebook.com', 'secure.wayforpay.com', 'www.patreon.com']"
192882,192882,qYbYnsg9g6Q,Front 18,UCVoWGgYtZToDML7IeBxm4gg,2022-03-29 07:21:35,"–ì–µ—Ä–æ–π –£–∫—Ä–∞—ó–Ω–∏ –Ñ–í–ì–ï–ù –ú–ï–ñ–ï–í–Ü–ö–Ü–ù: ""–í–æ–Ω–∏ –∑—Ä–æ–∑—É–º—ñ–ª–∏, —â–æ –ø—Ä–æ—Ä–∞—Ö—É–≤–∞–ª–∏—Å—å –º–∞–π–∂–µ –≤–æ –≤—Å—å–æ–º—É...""","['https://www.patreon.com/front18', 'https://prytulafoundation.org/uk/home/support_page']","['www.patreon.com', 'prytulafoundation.org']"
198735,198735,pdIU4-HH-TM,–°–µ—Ä–≥—ñ–π –ü—Ä–∏—Ç—É–ª–∞,UCR2Pbg310vXj1_9o3Q2RaMw,2022-03-30 18:19:18,"–©–æ —Ç—Ä–µ–±–∞ —É–∫—Ä–∞—ó–Ω—Å—å–∫—ñ–π –∞—Ä–º—ñ—ó: —Ç—Ä–∞–Ω—Å–ø–æ—Ä—Ç, –±—Ä–æ–Ω—è, –∫—Ä–æ–≤–æ—Å–ø–∏–Ω–Ω—ñ","['https://forms.gle/8B5S8ThXBpJVyVtb6', 'https://prytulafoundation.org/']","['forms.gle', 'prytulafoundation.org']"
201679,201679,ipR1qsMmAo0,Speak Ukrainian,UCSTYIEpLtn_dqY7mMBoF3kA,2022-03-31 15:00:32,I fled from the occupied Kherson‚Ä¶now I‚Äôm a refugee.,"['https://www.speakua.com/from-absolute-beginner-to-a-confident-speaker/', 'https://www.speakua.com/', 'https://speak-ukrainian.myshopify.com/', 'https://prytulafoundation.org/en', 'https://bank.gov.ua/en/news/all/natsionalniy-bank-vidkriv-spetsrahunok-dlya-zboru-koshtiv-na-potrebi-armiyi', 'https://savelife.in.ua/en/donate-en/#donate-army-card-monthly', 'https://bit.ly/34WBPOo.', 'https://razomforukraine.org/', 'https://secure.wayforpay.com/payment/s68a65f13b9e7', 'https://mobile.twitter.com/Ukraine/status/1497594592438497282?t=tVgfRFXlRlS9_bYGYQ8hvA&s=09', 'https://open.spotify.com/show/1aX6lVuf8K5kS8ZMyZoRqG', 'https://mailchi.mp/speakua.com/course', 'https://www.speakua.com/online-lessons/', 'https://www.speakua.com/product/master-ukrainian-cases-hardcover/', 'https://www.speakua.com/product-category/flashcards/', 'https://www.instagram.com/speak_ukrainian_language/', 'https://www.facebook.com/speakukrainian/', 'https://secure.wayforpay.com/payment/s68a65f13b9e7', 'https://www.patreon.com/SpeakUkrainian']","['www.speakua.com', 'www.speakua.com', 'speak-ukrainian.myshopify.com', 'prytulafoundation.org', 'bank.gov.ua', 'savelife.in.ua', 'bit.ly', 'razomforukraine.org', 'secure.wayforpay.com', 'mobile.twitter.com', 'open.spotify.com', 'mailchi.mp', 'www.speakua.com', 'www.speakua.com', 'www.speakua.com', 'www.instagram.com', 'www.facebook.com', 'secure.wayforpay.com', 'www.patreon.com']"
201680,201680,ipR1qsMmAo0,Speak Ukrainian,UCSTYIEpLtn_dqY7mMBoF3kA,2022-03-31 15:00:32,I fled from the occupied Kherson‚Ä¶now I‚Äôm a refugee.,"['https://www.speakua.com/from-absolute-beginner-to-a-confident-speaker/', 'https://www.speakua.com/', 'https://speak-ukrainian.myshopify.com/', 'https://prytulafoundation.org/en', 'https://bank.gov.ua/en/news/all/natsionalniy-bank-vidkriv-spetsrahunok-dlya-zboru-koshtiv-na-potrebi-armiyi', 'https://savelife.in.ua/en/donate-en/#donate-army-card-monthly', 'https://bit.ly/34WBPOo.', 'https://razomforukraine.org/', 'https://secure.wayforpay.com/payment/s68a65f13b9e7', 'https://mobile.twitter.com/Ukraine/status/1497594592438497282?t=tVgfRFXlRlS9_bYGYQ8hvA&s=09', 'https://open.spotify.com/show/1aX6lVuf8K5kS8ZMyZoRqG', 'https://mailchi.mp/speakua.com/course', 'https://www.speakua.com/online-lessons/', 'https://www.speakua.com/product/master-ukrainian-cases-hardcover/', 'https://www.speakua.com/product-category/flashcards/', 'https://www.instagram.com/speak_ukrainian_language/', 'https://www.facebook.com/speakukrainian/', 'https://secure.wayforpay.com/payment/s68a65f13b9e7', 'https://www.patreon.com/SpeakUkrainian']","['www.speakua.com', 'www.speakua.com', 'speak-ukrainian.myshopify.com', 'prytulafoundation.org', 'bank.gov.ua', 'savelife.in.ua', 'bit.ly', 'razomforukraine.org', 'secure.wayforpay.com', 'mobile.twitter.com', 'open.spotify.com', 'mailchi.mp', 'www.speakua.com', 'www.speakua.com', 'www.speakua.com', 'www.instagram.com', 'www.facebook.com', 'secure.wayforpay.com', 'www.patreon.com']"
213385,213385,p-Q3eAvV-Nk,Front 18,UCVoWGgYtZToDML7IeBxm4gg,2022-04-04 10:30:37,"–Ñ–í–ì–ï–ù–Ü–ô –ñ–£–ö–û–í: ""–ú–∏ –≤–∂–µ –ø–µ—Ä–µ–º–æ–≥–ª–∏ —ó—Ö –º–µ–Ω—Ç–∞–ª—å–Ω–æ, –∑–∞–ª–∏—à–∏–ª–æ—Å—å —Ç—ñ–ª—å–∫–∏ —Å–ø–∞–ª–∏—Ç–∏ —ó—Ö –Ω–∞ –Ω–∞—à—ñ–π –∑–µ–º–ª—ñ...""","['https://t.me/marshalvdv', 'https://www.patreon.com/front18', 'https://prytulafoundation.org/uk/home/support_page', 'https://www.facebook.com/Front18', 'https://www.instagram.com/front18ua', 'https://t.me/front18']","['t.me', 'www.patreon.com', 'prytulafoundation.org', 'www.facebook.com', 'www.instagram.com', 't.me']"
224242,224242,Fu8nTMF8m_w,Speak Ukrainian,UCSTYIEpLtn_dqY7mMBoF3kA,2022-04-07 16:37:49,Emergency vocabulary in Ukrainian language,"['https://www.speakua.com/from-absolute-beginner-to-a-confident-speaker/', 'https://www.speakua.com/', 'https://speak-ukrainian.myshopify.com/', 'https://prytulafoundation.org/en', 'https://bank.gov.ua/en/news/all/natsionalniy-bank-vidkriv-spetsrahunok-dlya-zboru-koshtiv-na-potrebi-armiyi', 'https://savelife.in.ua/en/donate-en/#donate-army-card-monthly', 'https://bit.ly/34WBPOo.', 'https://razomforukraine.org/', 'https://secure.wayforpay.com/payment/s68a65f13b9e7', 'https://mobile.twitter.com/Ukraine/status/1497594592438497282?t=tVgfRFXlRlS9_bYGYQ8hvA&s=09', 'https://open.spotify.com/show/1aX6lVuf8K5kS8ZMyZoRqG', 'https://mailchi.mp/speakua.com/course', 'https://www.speakua.com/online-lessons/', 'https://www.speakua.com/product/master-ukrainian-cases-hardcover/', 'https://www.speakua.com/product-category/flashcards/', 'https://www.instagram.com/speak_ukrainian_language/', 'https://www.facebook.com/speakukrainian/', 'https://secure.wayforpay.com/payment/s68a65f13b9e7', 'https://www.patreon.com/SpeakUkrainian']","['www.speakua.com', 'www.speakua.com', 'speak-ukrainian.myshopify.com', 'prytulafoundation.org', 'bank.gov.ua', 'savelife.in.ua', 'bit.ly', 'razomforukraine.org', 'secure.wayforpay.com', 'mobile.twitter.com', 'open.spotify.com', 'mailchi.mp', 'www.speakua.com', 'www.speakua.com', 'www.speakua.com', 'www.instagram.com', 'www.facebook.com', 'secure.wayforpay.com', 'www.patreon.com']"
228974,228974,dinpecIWR4A,magrit_alessa,UCxD-4oywP_o6acH0HGhchLw,2022-04-09 02:42:46,"#MMWC(14 Mar 2022-20 Mar 2022):Jamie xx,Tiga, Popcaan,ABRA,Young Thug, Hudson Mohawke, The Bug et al","['https://savelife.in.ua/donate', 'https://savelife.in.ua/en/donate-en/', 'https://www.comebackalive.in.ua/uk/donate', 'https://prytulafoundation.org/', 'https://koloua.com/', 'https://bank.gov.ua/ua/news/all/natsionalniy-bank-vidkriv-spetsrahunok-dlya-zboru-koshtiv-na-potrebi-armiyi', 'https://bank.gov.ua/en/news/all/natsionalniy-bank-vidkriv-spetsrahunok-dlya-zboru-koshtiv-na-potrebi-armiyi', 'https://bank.gov.ua/en/news/all/natsionalniy-bank-vidkriv-rahunok-dlya-gumanitarnoyi-dopomogi-ukrayintsyam-postrajdalim-vid-rosiyskoyi-agresiyi', 'https://vulpianorecords.bandcamp.com/album/rampar', 'https://www.youtube.com/watch?v=k87Km-Ki2Hs', 'https://www.youtube.com/watch?v=yKK3SEoXS-o', 'https://www.youtube.com/watch?v=K93mYP7a2Y8', 'https://www.youtube.com/watch?v=nYhI0E4BopI', 'https://www.youtube.com/watch?v=UxM9xLWSVZ4', 'https://www.youtube.com/watch?v=msr8cm1PZIY', 'https://www.youtube.com/watch?v=KvgKsJ6_UKQ', 'https://www.youtube.com/watch?v=yKUuK9WEJDs', 'https://www.youtube.com/watch?v=PdymAWiPmWY', 'https://www.youtube.com/watch?v=BjLBB-TMa84', 'https://magrit-alessa.tumblr.com/', 'https://twitter.com/magrit_alessa']","['savelife.in.ua', 'savelife.in.ua', 'www.comebackalive.in.ua', 'prytulafoundation.org', 'koloua.com', 'bank.gov.ua', 'bank.gov.ua', 'bank.gov.ua', 'vulpianorecords.bandcamp.com', 'www.youtube.com', 'www.youtube.com', 'www.youtube.com', 'www.youtube.com', 'www.youtube.com', 'www.youtube.com', 'www.youtube.com', 'www.youtube.com', 'www.youtube.com', 'www.youtube.com', 'magrit-alessa.tumblr.com', 'twitter.com']"
235316,235316,fTC0at4hBzg,Speak Ukrainian,UCSTYIEpLtn_dqY7mMBoF3kA,2022-04-11 17:05:17,"How to say ""I am sorry"" in Ukrainian language","['https://www.speakua.com/from-absolute-beginner-to-a-confident-speaker/', 'https://www.speakua.com/', 'https://speak-ukrainian.myshopify.com/', 'https://prytulafoundation.org/en', 'https://bank.gov.ua/en/news/all/natsionalniy-bank-vidkriv-spetsrahunok-dlya-zboru-koshtiv-na-potrebi-armiyi', 'https://savelife.in.ua/en/donate-en/#donate-army-card-monthly', 'https://bit.ly/34WBPOo.', 'https://razomforukraine.org/', 'https://secure.wayforpay.com/payment/s68a65f13b9e7', 'https://mobile.twitter.com/Ukraine/status/1497594592438497282?t=tVgfRFXlRlS9_bYGYQ8hvA&s=09', 'https://open.spotify.com/show/1aX6lVuf8K5kS8ZMyZoRqG', 'https://mailchi.mp/speakua.com/course', 'https://www.speakua.com/online-lessons/', 'https://www.speakua.com/product/master-ukrainian-cases-hardcover/', 'https://www.speakua.com/product-category/flashcards/', 'https://www.instagram.com/speak_ukrainian_language/', 'https://www.facebook.com/speakukrainian/', 'https://secure.wayforpay.com/payment/s68a65f13b9e7', 'https://www.patreon.com/SpeakUkrainian']","['www.speakua.com', 'www.speakua.com', 'speak-ukrainian.myshopify.com', 'prytulafoundation.org', 'bank.gov.ua', 'savelife.in.ua', 'bit.ly', 'razomforukraine.org', 'secure.wayforpay.com', 'mobile.twitter.com', 'open.spotify.com', 'mailchi.mp', 'www.speakua.com', 'www.speakua.com', 'www.speakua.com', 'www.instagram.com', 'www.facebook.com', 'secure.wayforpay.com', 'www.patreon.com']"
235317,235317,fTC0at4hBzg,Speak Ukrainian,UCSTYIEpLtn_dqY7mMBoF3kA,2022-04-11 17:05:17,"How to say ""I am sorry"" in Ukrainian language","['https://www.speakua.com/from-absolute-beginner-to-a-confident-speaker/', 'https://www.speakua.com/', 'https://speak-ukrainian.myshopify.com/', 'https://prytulafoundation.org/en', 'https://bank.gov.ua/en/news/all/natsionalniy-bank-vidkriv-spetsrahunok-dlya-zboru-koshtiv-na-potrebi-armiyi', 'https://savelife.in.ua/en/donate-en/#donate-army-card-monthly', 'https://bit.ly/34WBPOo.', 'https://razomforukraine.org/', 'https://secure.wayforpay.com/payment/s68a65f13b9e7', 'https://mobile.twitter.com/Ukraine/status/1497594592438497282?t=tVgfRFXlRlS9_bYGYQ8hvA&s=09', 'https://open.spotify.com/show/1aX6lVuf8K5kS8ZMyZoRqG', 'https://mailchi.mp/speakua.com/course', 'https://www.speakua.com/online-lessons/', 'https://www.speakua.com/product/master-ukrainian-cases-hardcover/', 'https://www.speakua.com/product-category/flashcards/', 'https://www.instagram.com/speak_ukrainian_language/', 'https://www.facebook.com/speakukrainian/', 'https://secure.wayforpay.com/payment/s68a65f13b9e7', 'https://www.patreon.com/SpeakUkrainian']","['www.speakua.com', 'www.speakua.com', 'speak-ukrainian.myshopify.com', 'prytulafoundation.org', 'bank.gov.ua', 'savelife.in.ua', 'bit.ly', 'razomforukraine.org', 'secure.wayforpay.com', 'mobile.twitter.com', 'open.spotify.com', 'mailchi.mp', 'www.speakua.com', 'www.speakua.com', 'www.speakua.com', 'www.instagram.com', 'www.facebook.com', 'secure.wayforpay.com', 'www.patreon.com']"
236754,236754,jO8dqk5cUFU,Front 18,UCVoWGgYtZToDML7IeBxm4gg,2022-04-12 07:19:38,–†–æ–º–∞–Ω –î–∞—Ä–º–æ–≥—Ä–∞–π:  ¬´–ñ–∞—Ä—Ç—É–≤–∞–ª–∏: –æ–¥–Ω–æ—é —Ä–∞–∫–µ—Ç–æ—é —Ç—Ä–µ–±–∞ –ø–æ –¥–≤—ñ –º–∞—à–∏–Ω–∏ –±–∏—Ç–∏!¬ª,"['https://www.patreon.com/front18', 'https://prytulafoundation.org/uk/home/support_page', 'https://www.facebook.com/Front18', 'https://www.instagram.com/front18ua', 'https://t.me/front18']","['www.patreon.com', 'prytulafoundation.org', 'www.facebook.com', 'www.instagram.com', 't.me']"
238485,238485,0Vv30JAFcx4,Anton somewhere,UCk0LtHycs4deT5bkRqrPw2A,2022-04-12 17:43:29,How volunteers help to defend Ukraine.,"['https://protectuakids.com', 'https://prytulafoundation.org/en#block-ff57b01769944b718d68823a1a6a1b9e', 'https://t.me/ukrainenowenglish', 'https://www.instagram.com/ptuxerman/']","['protectuakids.com', 'prytulafoundation.org', 't.me', 'www.instagram.com']"
238486,238486,0Vv30JAFcx4,Anton somewhere,UCk0LtHycs4deT5bkRqrPw2A,2022-04-12 17:43:29,How volunteers help to defend Ukraine.,"['https://protectuakids.com', 'https://prytulafoundation.org/en#block-ff57b01769944b718d68823a1a6a1b9e', 'https://t.me/ukrainenowenglish', 'https://www.instagram.com/ptuxerman/']","['protectuakids.com', 'prytulafoundation.org', 't.me', 'www.instagram.com']"
240853,240853,xudvgws1g4o,WHAT IS UKRAINE,UCV7hNpfR3eZ11vmnqWL8NDQ,2022-04-13 14:14:56,Days 48-49 Of War Against Ukraine: What Can I Say,"['https://prytulafoundation.org/', 'https://savelife.in.ua/en/donate/']","['prytulafoundation.org', 'savelife.in.ua']"
240854,240854,xudvgws1g4o,WHAT IS UKRAINE,UCV7hNpfR3eZ11vmnqWL8NDQ,2022-04-13 14:14:56,Days 48-49 Of War Against Ukraine: What Can I Say,"['https://prytulafoundation.org/', 'https://savelife.in.ua/en/donate/']","['prytulafoundation.org', 'savelife.in.ua']"
244573,244573,rfSY5tgfb_g,–°–µ—Ä–≥—ñ–π –ü—Ä–∏—Ç—É–ª–∞,UCR2Pbg310vXj1_9o3Q2RaMw,2022-04-14 16:59:53,"–°—Ç—Ä—ñ–º –ø—Ä–æ –≤—ñ–π–Ω—É, —Ä—É—Å–Ω—é —ñ –Ω–µ —Ç—ñ–ª—å–∫–∏","['https://prytulafoundation.org/', 'https://www.facebook.com/prytulafoundation.org', 'https://www.patreon.com/prytula']","['prytulafoundation.org', 'www.facebook.com', 'www.patreon.com']"
244701,244701,IaZwc_ItM8o,Speak Ukrainian,UCSTYIEpLtn_dqY7mMBoF3kA,2022-04-14 17:42:47,Ukrainian National Anthem/The translation of it,"['https://www.speakua.com/from-absolute-beginner-to-a-confident-speaker/', 'https://www.speakua.com/', 'https://speak-ukrainian.myshopify.com/', 'https://prytulafoundation.org/en', 'https://bank.gov.ua/en/news/all/natsionalniy-bank-vidkriv-spetsrahunok-dlya-zboru-koshtiv-na-potrebi-armiyi', 'https://savelife.in.ua/en/donate-en/#donate-army-card-monthly', 'https://bit.ly/34WBPOo.', 'https://razomforukraine.org/', 'https://secure.wayforpay.com/payment/s68a65f13b9e7', 'https://mobile.twitter.com/Ukraine/status/1497594592438497282?t=tVgfRFXlRlS9_bYGYQ8hvA&s=09', 'https://open.spotify.com/show/1aX6lVuf8K5kS8ZMyZoRqG', 'https://mailchi.mp/speakua.com/course', 'https://www.speakua.com/online-lessons/', 'https://www.speakua.com/product/master-ukrainian-cases-hardcover/', 'https://www.speakua.com/product-category/flashcards/', 'https://www.instagram.com/speak_ukrainian_language/', 'https://www.facebook.com/speakukrainian/', 'https://secure.wayforpay.com/payment/s68a65f13b9e7', 'https://www.patreon.com/SpeakUkrainian']","['www.speakua.com', 'www.speakua.com', 'speak-ukrainian.myshopify.com', 'prytulafoundation.org', 'bank.gov.ua', 'savelife.in.ua', 'bit.ly', 'razomforukraine.org', 'secure.wayforpay.com', 'mobile.twitter.com', 'open.spotify.com', 'mailchi.mp', 'www.speakua.com', 'www.speakua.com', 'www.speakua.com', 'www.instagram.com', 'www.facebook.com', 'secure.wayforpay.com', 'www.patreon.com']"
246952,246952,jeRwwp8VtRM,WHAT IS UKRAINE,UCV7hNpfR3eZ11vmnqWL8NDQ,2022-04-15 13:29:30,Days 50-51 Of War Against Ukraine: Sunny Day&New Attacks,"['https://prytulafoundation.org/', 'https://savelife.in.ua/en/donate/']","['prytulafoundation.org', 'savelife.in.ua']"
249264,249264,PSpcurWqZHM,Alina FooDee,UCXDdPCUl4SKQlp0XdltIDgg,2022-04-16 10:57:38,–ß—Ç–æ –±—É–¥–µ—Ç –¥–∞–ª—å—à–µ? –°–ø–∞—Å–∏–±–æ –∑–∞ –ø–æ–¥–¥–µ—Ä–∂–∫—É! –£–∫—Ä–∞–∏–Ω–∞ –∂–∏–≤–µ—Ç –∏ –±—É–¥–µ—Ç –∂–∏—Ç—å!,"['https://youtu.be/I0VEx3qzfdI', 'https://prytulafoundation.org/', 'https://www.comebackalive.in.ua/', 'https://bank.gov.ua/ua/news/all/natsionalniy-bank-vidkriv-spetsrahunok-dlya-zboru-koshtiv-na-potrebi-armiyi']","['youtu.be', 'prytulafoundation.org', 'www.comebackalive.in.ua', 'bank.gov.ua']"
250372,250372,r1xFB5C5soY,magrit_alessa,UCxD-4oywP_o6acH0HGhchLw,2022-04-16 18:53:35,"#MMWC(21 Mar 2022-27 Mar 2022): Jockii Druce, –ü–∞–ª—ñ–Ω–¥—Ä–æ–º, ROXOLANA, PROBASS‚àÜHARDI,MELOVIN,Jandy et al","['https://savelife.in.ua/donate', 'https://savelife.in.ua/en/donate-en/', 'https://www.comebackalive.in.ua/uk/donate', 'https://prytulafoundation.org/', 'https://koloua.com/', 'https://bank.gov.ua/ua/news/all/natsionalniy-bank-vidkriv-spetsrahunok-dlya-zboru-koshtiv-na-potrebi-armiyi', 'https://bank.gov.ua/en/news/all/natsionalniy-bank-vidkriv-spetsrahunok-dlya-zboru-koshtiv-na-potrebi-armiyi', 'https://bank.gov.ua/en/news/all/natsionalniy-bank-vidkriv-rahunok-dlya-gumanitarnoyi-dopomogi-ukrayintsyam-postrajdalim-vid-rosiyskoyi-agresiyi', 'https://vulpianorecords.bandcamp.com/album/rampar', 'https://www.youtube.com/watch?v=PC0YHhobL8Q', 'https://www.youtube.com/watch?v=BvgNgTPTkSo', 'https://www.youtube.com/watch?v=l6P4onVfELQ', 'https://www.youtube.com/watch?v=37p6YPwjhfA', 'https://www.youtube.com/watch?v=bTCcmb8hSvY', 'https://www.youtube.com/watch?v=8Rt1unBiWHU', 'https://www.youtube.com/watch?v=QxVUG5k7hAQ', 'https://www.youtube.com/watch?v=OixsO2hqxEk', 'https://www.youtube.com/watch?v=jFIeP6xb0oE', 'https://www.youtube.com/watch?v=bBDFEImIjy0', 'https://magrit-alessa.tumblr.com/', 'https://twitter.com/magrit_alessa']","['savelife.in.ua', 'savelife.in.ua', 'www.comebackalive.in.ua', 'prytulafoundation.org', 'koloua.com', 'bank.gov.ua', 'bank.gov.ua', 'bank.gov.ua', 'vulpianorecords.bandcamp.com', 'www.youtube.com', 'www.youtube.com', 'www.youtube.com', 'www.youtube.com', 'www.youtube.com', 'www.youtube.com', 'www.youtube.com', 'www.youtube.com', 'www.youtube.com', 'www.youtube.com', 'magrit-alessa.tumblr.com', 'twitter.com']"
250687,250687,u-D4YV14Au4,WHAT IS UKRAINE,UCV7hNpfR3eZ11vmnqWL8NDQ,2022-04-16 22:45:52,Day 52 Of War: In The Park,"['https://prytulafoundation.org/', 'https://savelife.in.ua/en/donate/']","['prytulafoundation.org', 'savelife.in.ua']"
254288,254288,JnGFEZRf7g4,Speak Ukrainian,UCSTYIEpLtn_dqY7mMBoF3kA,2022-04-18 15:00:15,Ukrainian Patriotic Mottos! –°–ª–∞–≤–∞ –£–∫—Ä–∞—ó–Ω—ñ - –ì–µ—Ä–æ—è–º –°–ª–∞–≤–∞!,"['https://www.speakua.com/from-absolute-beginner-to-a-confident-speaker/', 'https://www.speakua.com/', 'https://speak-ukrainian.myshopify.com/', 'https://prytulafoundation.org/en', 'https://bank.gov.ua/en/news/all/natsionalniy-bank-vidkriv-spetsrahunok-dlya-zboru-koshtiv-na-potrebi-armiyi', 'https://savelife.in.ua/en/donate-en/#donate-army-card-monthly', 'https://bit.ly/34WBPOo.', 'https://razomforukraine.org/', 'https://secure.wayforpay.com/payment/s68a65f13b9e7', 'https://mobile.twitter.com/Ukraine/status/1497594592438497282?t=tVgfRFXlRlS9_bYGYQ8hvA&s=09', 'https://open.spotify.com/show/1aX6lVuf8K5kS8ZMyZoRqG', 'https://mailchi.mp/speakua.com/course', 'https://www.speakua.com/online-lessons/', 'https://www.speakua.com/product/master-ukrainian-cases-hardcover/', 'https://www.speakua.com/product-category/flashcards/', 'https://www.instagram.com/speak_ukrainian_language/', 'https://www.facebook.com/speakukrainian/', 'https://secure.wayforpay.com/payment/s68a65f13b9e7', 'https://www.patreon.com/SpeakUkrainian']","['www.speakua.com', 'www.speakua.com', 'speak-ukrainian.myshopify.com', 'prytulafoundation.org', 'bank.gov.ua', 'savelife.in.ua', 'bit.ly', 'razomforukraine.org', 'secure.wayforpay.com', 'mobile.twitter.com', 'open.spotify.com', 'mailchi.mp', 'www.speakua.com', 'www.speakua.com', 'www.speakua.com', 'www.instagram.com', 'www.facebook.com', 'secure.wayforpay.com', 'www.patreon.com']"
256983,256983,xGiP4LiG_Nw,WHAT IS UKRAINE,UCV7hNpfR3eZ11vmnqWL8NDQ,2022-04-19 14:08:14,Day 55 Of War: ‚ù§ 15 Years Together With Serhiy,"['https://prytulafoundation.org/', 'https://savelife.in.ua/en/donate/']","['prytulafoundation.org', 'savelife.in.ua']"
256984,256984,xGiP4LiG_Nw,WHAT IS UKRAINE,UCV7hNpfR3eZ11vmnqWL8NDQ,2022-04-19 14:08:14,Day 55 Of War: ‚ù§ 15 Years Together With Serhiy,"['https://prytulafoundation.org/', 'https://savelife.in.ua/en/donate/']","['prytulafoundation.org', 'savelife.in.ua']"
259045,259045,Fjj982AlvBc,Front 18,UCVoWGgYtZToDML7IeBxm4gg,2022-04-20 08:55:53,"–í—ñ–∫—Ç–æ—Ä—ñ—è –Ü–≤–ª—î–≤–∞: ""–û—Å–Ω–æ–≤–Ω–µ –ø–æ—á—É—Ç—Ç—è –∑–∞—Ä–∞–∑ —É –≤–∞—Å –Ω–µ –Ω–µ–Ω–∞–≤–∏—Å—Ç—å, –∞ –ª—é—Ç—å, –ø–µ–∫–µ–ª—å–Ω–∞ –ª—é—Ç—å...""","['https://www.patreon.com/front18', 'https://prytulafoundation.org/uk/home/support_page', 'https://www.facebook.com/Front18', 'https://www.instagram.com/front18ua', 'https://t.me/front18']","['www.patreon.com', 'prytulafoundation.org', 'www.facebook.com', 'www.instagram.com', 't.me']"
260364,260364,LyVH9MycjuE,–°–µ—Ä–≥—ñ–π –ü—Ä–∏—Ç—É–ª–∞,UCR2Pbg310vXj1_9o3Q2RaMw,2022-04-20 17:24:00,–°—Ç–∞—é –∞—Ä—Ç-–¥–∏–ª–µ—Ä–æ–º –¥–ª—è –Ω–∞–π–∫—Ä–∞—â–∏—Ö –∫–æ–ª–µ–∫—Ü—ñ–æ–Ω–µ—Ä—ñ–≤ ‚Äî –ó–°–£,"['https://www.facebook.com/serhiyprytula', 'https://t.me/serhiyprytula', 'https://www.facebook.com/prytulafoundation.org', 'https://www.instagram.com/prytulafoundation/']","['www.facebook.com', 't.me', 'www.facebook.com', 'www.instagram.com']"
262559,262559,Cf-WqtUSdXQ,WHAT IS UKRAINE,UCV7hNpfR3eZ11vmnqWL8NDQ,2022-04-21 12:38:21,Day 57 Of War: üé° Free Fun For Children In Kyiv,"['https://prytulafoundation.org/', 'https://savelife.in.ua/en/donate/']","['prytulafoundation.org', 'savelife.in.ua']"
262560,262560,Cf-WqtUSdXQ,WHAT IS UKRAINE,UCV7hNpfR3eZ11vmnqWL8NDQ,2022-04-21 12:38:21,Day 57 Of War: üé° Free Fun For Children In Kyiv,"['https://prytulafoundation.org/', 'https://savelife.in.ua/en/donate/']","['prytulafoundation.org', 'savelife.in.ua']"
263049,263049,NVCDKt9TgFs,Speak Ukrainian,UCSTYIEpLtn_dqY7mMBoF3kA,2022-04-21 15:00:15,Expressing feelings and emotions in Ukrainian,"['https://www.speakua.com/from-absolute-beginner-to-a-confident-speaker/', 'https://www.speakua.com/', 'https://speak-ukrainian.myshopify.com/', 'https://prytulafoundation.org/en', 'https://bank.gov.ua/en/news/all/natsionalniy-bank-vidkriv-spetsrahunok-dlya-zboru-koshtiv-na-potrebi-armiyi', 'https://savelife.in.ua/en/donate-en/#donate-army-card-monthly', 'https://bit.ly/34WBPOo.', 'https://razomforukraine.org/', 'https://secure.wayforpay.com/payment/s68a65f13b9e7', 'https://mobile.twitter.com/Ukraine/status/1497594592438497282?t=tVgfRFXlRlS9_bYGYQ8hvA&s=09', 'https://open.spotify.com/show/1aX6lVuf8K5kS8ZMyZoRqG', 'https://mailchi.mp/speakua.com/course', 'https://www.speakua.com/online-lessons/', 'https://www.speakua.com/product/master-ukrainian-cases-hardcover/', 'https://www.speakua.com/product-category/flashcards/', 'https://www.instagram.com/speak_ukrainian_language/', 'https://www.facebook.com/speakukrainian/', 'https://secure.wayforpay.com/payment/s68a65f13b9e7', 'https://www.patreon.com/SpeakUkrainian']","['www.speakua.com', 'www.speakua.com', 'speak-ukrainian.myshopify.com', 'prytulafoundation.org', 'bank.gov.ua', 'savelife.in.ua', 'bit.ly', 'razomforukraine.org', 'secure.wayforpay.com', 'mobile.twitter.com', 'open.spotify.com', 'mailchi.mp', 'www.speakua.com', 'www.speakua.com', 'www.speakua.com', 'www.instagram.com', 'www.facebook.com', 'secure.wayforpay.com', 'www.patreon.com']"
263979,263979,SekOsYXfwQA,magrit_alessa,UCxD-4oywP_o6acH0HGhchLw,2022-04-21 20:54:06,"#MMWC(28 Mar 2022-03 Apr 2022):OneRepublic,5 Seconds of Summer,Kalush,Vundabar,–ê—Ä—Ç–µ–º –ü–∏–≤–æ–≤–∞—Ä–æ–≤ et al","['https://savelife.in.ua/donate', 'https://savelife.in.ua/en/donate-en/', 'https://www.comebackalive.in.ua/uk/donate', 'https://prytulafoundation.org/', 'https://koloua.com/', 'https://bank.gov.ua/ua/news/all/natsionalniy-bank-vidkriv-spetsrahunok-dlya-zboru-koshtiv-na-potrebi-armiyi', 'https://bank.gov.ua/en/news/all/natsionalniy-bank-vidkriv-spetsrahunok-dlya-zboru-koshtiv-na-potrebi-armiyi', 'https://bank.gov.ua/en/news/all/natsionalniy-bank-vidkriv-rahunok-dlya-gumanitarnoyi-dopomogi-ukrayintsyam-postrajdalim-vid-rosiyskoyi-agresiyi', 'https://vulpianorecords.bandcamp.com/album/rampar', 'https://www.youtube.com/watch?v=uQZBeQ_-FGI', 'https://www.youtube.com/watch?v=lM_nSyjS3yI', 'https://www.youtube.com/watch?v=nup39RAU5wA', 'https://www.youtube.com/watch?v=V8fYAAh5uuA', 'https://www.youtube.com/watch?v=QBPE2fZsVYU', 'https://www.youtube.com/watch?v=az8IGbNj4sg', 'https://www.youtube.com/watch?v=4GzVy6sl1Qo', 'https://www.youtube.com/watch?v=rWJbrTPmf-o', 'https://www.youtube.com/watch?v=_q95ri8GVyk', 'https://www.youtube.com/watch?v=SIU4x5iDkJo', 'https://magrit-alessa.tumblr.com/', 'https://twitter.com/magrit_alessa']","['savelife.in.ua', 'savelife.in.ua', 'www.comebackalive.in.ua', 'prytulafoundation.org', 'koloua.com', 'bank.gov.ua', 'bank.gov.ua', 'bank.gov.ua', 'vulpianorecords.bandcamp.com', 'www.youtube.com', 'www.youtube.com', 'www.youtube.com', 'www.youtube.com', 'www.youtube.com', 'www.youtube.com', 'www.youtube.com', 'www.youtube.com', 'www.youtube.com', 'www.youtube.com', 'magrit-alessa.tumblr.com', 'twitter.com']"
266951,266951,2VoD6aAHdJU,–•–∞—â—ñ,UCIxAwgoXmEGr2ML72c3QxGA,2022-04-23 05:00:03,"""–¢—É—Ç –ø—ñ–¥ –∑–∞–≤–∞–ª–∞–º–∏ –¥–æ—á–∫–∞ –º–æ—è –∑ –≤–Ω—É—á–∫–æ—é"" - –º–µ—à–∫–∞–Ω—Ü—ñ –ë–æ—Ä–æ–¥—è–Ω–∫–∏ –ø—Ä–æ —Ä–æ—Å—ñ–π—Å—å–∫—É –æ–∫—É–ø–∞—Ü—ñ—é","['https://bank.gov.ua/ua/about/support-the-armed-forces', 'https://prytulafoundation.org/#f3a70b6ac0224d5c8063ac7779e75151', 'https://savelife.in.ua/donate/', 'https://www.instagram.com/hush.chi/', 'https://www.facebook.com/%D0%A5%D0%90%D0%A9%D0%86-109970601361175']","['bank.gov.ua', 'prytulafoundation.org', 'savelife.in.ua', 'www.instagram.com', 'www.facebook.com']"
268811,268811,628hjdafqu4,Speak Ukrainian,UCSTYIEpLtn_dqY7mMBoF3kA,2022-04-24 12:45:54,Ukrainian Easter/My life updates/I am hiring teachers,"['https://www.speakua.com/from-absolute-beginner-to-a-confident-speaker/', 'https://www.speakua.com/', 'https://speak-ukrainian.myshopify.com/', 'https://prytulafoundation.org/en', 'https://bank.gov.ua/en/news/all/natsionalniy-bank-vidkriv-spetsrahunok-dlya-zboru-koshtiv-na-potrebi-armiyi', 'https://savelife.in.ua/en/donate-en/#donate-army-card-monthly', 'https://bit.ly/34WBPOo.', 'https://razomforukraine.org/', 'https://secure.wayforpay.com/payment/s68a65f13b9e7', 'https://mobile.twitter.com/Ukraine/status/1497594592438497282?t=tVgfRFXlRlS9_bYGYQ8hvA&s=09', 'https://open.spotify.com/show/1aX6lVuf8K5kS8ZMyZoRqG', 'https://mailchi.mp/speakua.com/course', 'https://www.speakua.com/online-lessons/', 'https://www.speakua.com/product/master-ukrainian-cases-hardcover/', 'https://www.speakua.com/product-category/flashcards/', 'https://www.instagram.com/speak_ukrainian_language/', 'https://www.facebook.com/speakukrainian/', 'https://secure.wayforpay.com/payment/s68a65f13b9e7', 'https://www.patreon.com/SpeakUkrainian']","['www.speakua.com', 'www.speakua.com', 'speak-ukrainian.myshopify.com', 'prytulafoundation.org', 'bank.gov.ua', 'savelife.in.ua', 'bit.ly', 'razomforukraine.org', 'secure.wayforpay.com', 'mobile.twitter.com', 'open.spotify.com', 'mailchi.mp', 'www.speakua.com', 'www.speakua.com', 'www.speakua.com', 'www.instagram.com', 'www.facebook.com', 'secure.wayforpay.com', 'www.patreon.com']"
269552,269552,FhV7sCTs_04,magrit_alessa,UCxD-4oywP_o6acH0HGhchLw,2022-04-25 00:57:41,"#MMWC(04 Apr 2022-10 Apr 2022):Jerry Heil, THE HARDKISS, Freel, KRUT–¨, –•–ê–°,Tember Blanche,Tery et al","['https://savelife.in.ua/donate', 'https://savelife.in.ua/en/donate-en/', 'https://www.comebackalive.in.ua/uk/donate', 'https://prytulafoundation.org/', 'https://koloua.com/', 'https://bank.gov.ua/ua/news/all/natsionalniy-bank-vidkriv-spetsrahunok-dlya-zboru-koshtiv-na-potrebi-armiyi', 'https://bank.gov.ua/en/news/all/natsionalniy-bank-vidkriv-spetsrahunok-dlya-zboru-koshtiv-na-potrebi-armiyi', 'https://bank.gov.ua/en/news/all/natsionalniy-bank-vidkriv-rahunok-dlya-gumanitarnoyi-dopomogi-ukrayintsyam-postrajdalim-vid-rosiyskoyi-agresiyi', 'https://vulpianorecords.bandcamp.com/album/rampar', 'https://www.youtube.com/watch?v=ooJsW-RnSl8', 'https://www.youtube.com/watch?v=i6WDMQ-YpTI', 'https://www.youtube.com/watch?v=qmh64Kk9eOc', 'https://www.youtube.com/watch?v=rA-XxxKKmNc', 'https://www.youtube.com/watch?v=9yAcZTy2BJ0', 'https://www.youtube.com/watch?v=9xefsv8zUNc', 'https://www.youtube.com/watch?v=s8-h21rk0Co', 'https://www.youtube.com/watch?v=3-Ki5GQ6Z7c', 'https://www.youtube.com/watch?v=0P8QJ-x68PI', 'https://www.youtube.com/watch?v=2XUZ6YNngJQ', 'https://magrit-alessa.tumblr.com/', 'https://twitter.com/magrit_alessa']","['savelife.in.ua', 'savelife.in.ua', 'www.comebackalive.in.ua', 'prytulafoundation.org', 'koloua.com', 'bank.gov.ua', 'bank.gov.ua', 'bank.gov.ua', 'vulpianorecords.bandcamp.com', 'www.youtube.com', 'www.youtube.com', 'www.youtube.com', 'www.youtube.com', 'www.youtube.com', 'www.youtube.com', 'www.youtube.com', 'www.youtube.com', 'www.youtube.com', 'www.youtube.com', 'magrit-alessa.tumblr.com', 'twitter.com']"
270558,270558,hHLW-TjBRHE,–î–∞—Ä–∫–∞ –ë—É–Ω—Ç–∞—Ä–∫–∞,UCS8ubdd-hQcx2iPvcIGqmEw,2022-04-25 16:54:27,¬´–í—î–ª—ñ–∫–∞—è —Ä—É—Å—Å–∫–∞—è –ª—ñ—Ç—î—Ä–∞—Ç—É—Ä–∞¬ª —à–∫—ñ–¥–ª–∏–≤–∞ –¥–ª—è –£–ö–†–ê–á–ù–¶–Ü–í?üá∫üá¶ . –ß–æ–º—É —á–∏—Ç–∞—Ç–∏ —Ü–µ –Ω–µ –≤–∞—Ä—Ç–æ?,"['https://savelife.in.ua/', 'https://prytulafoundation.org/', 'https://bank.gov.ua/ua/news/all/natsionalniy-bank-vidkriv-spetsrahunok-dlya-zboru-koshtiv-na-potrebi-armiyi', 'https://www.youtube.com/channel/UCS8ubdd-hQcx2iPvcIGqmEw/join', 'https://www.paypal.com/donate/?hosted_button_id=559WXASXAECTS', 'https://www.patreon.com/darkabuntarka', 'https://www.buymeacoffee.com/darkabunrarka', 'https://send.monobank.ua/jar/huubi7gdf', 'https://dakshina-cali.diaka.ua/donate']","['savelife.in.ua', 'prytulafoundation.org', 'bank.gov.ua', 'www.youtube.com', 'www.paypal.com', 'www.patreon.com', 'www.buymeacoffee.com', 'send.monobank.ua', 'dakshina-cali.diaka.ua']"
273648,273648,oz6Q7yFGfh0,Speak Ukrainian,UCSTYIEpLtn_dqY7mMBoF3kA,2022-04-27 15:00:33,My followers sing-play Ukrainian National Anthem,"['https://www.speakua.com/from-absolute-beginner-to-a-confident-speaker/', 'https://www.speakua.com/', 'https://speak-ukrainian.myshopify.com/', 'https://prytulafoundation.org/en', 'https://bank.gov.ua/en/news/all/natsionalniy-bank-vidkriv-spetsrahunok-dlya-zboru-koshtiv-na-potrebi-armiyi', 'https://savelife.in.ua/en/donate-en/#donate-army-card-monthly', 'https://bit.ly/34WBPOo.', 'https://razomforukraine.org/', 'https://secure.wayforpay.com/payment/s68a65f13b9e7', 'https://mobile.twitter.com/Ukraine/status/1497594592438497282?t=tVgfRFXlRlS9_bYGYQ8hvA&s=09', 'https://open.spotify.com/show/1aX6lVuf8K5kS8ZMyZoRqG', 'https://mailchi.mp/speakua.com/course', 'https://www.speakua.com/online-lessons/', 'https://www.speakua.com/product/master-ukrainian-cases-hardcover/', 'https://www.speakua.com/product-category/flashcards/', 'https://www.instagram.com/speak_ukrainian_language/', 'https://www.facebook.com/speakukrainian/', 'https://secure.wayforpay.com/payment/s68a65f13b9e7', 'https://www.patreon.com/SpeakUkrainian']","['www.speakua.com', 'www.speakua.com', 'speak-ukrainian.myshopify.com', 'prytulafoundation.org', 'bank.gov.ua', 'savelife.in.ua', 'bit.ly', 'razomforukraine.org', 'secure.wayforpay.com', 'mobile.twitter.com', 'open.spotify.com', 'mailchi.mp', 'www.speakua.com', 'www.speakua.com', 'www.speakua.com', 'www.instagram.com', 'www.facebook.com', 'secure.wayforpay.com', 'www.patreon.com']"
275062,275062,l9joIGQzsQo,WHAT IS UKRAINE,UCV7hNpfR3eZ11vmnqWL8NDQ,2022-04-28 11:45:11,Day 64: Look Who Is My Guest!,"['https://prytulafoundation.org/', 'https://savelife.in.ua/en/donate/']","['prytulafoundation.org', 'savelife.in.ua']"
275081,275081,XRURq2WSK98,–ü—ñ–¥–ø—ñ–ª—å–Ω–∏–∏ÃÜ –°—Ç–µ–Ω–¥–∞–ø,UCwuzITdbxPSG_9PakpsKNwQ,2022-04-28 12:00:12,Anton Tymoshenko - Stand-Up Comedy In Wartime Kyiv –Ü Performing Live In A Bomb Shelter [eng subs],"['https://www.comebackalive.in.ua/', 'https://prytulafoundation.org/en', 'https://www.instagram.com/anton_tymoshenko/', 'https://www.facebook.com/profile.php?id=100007120808307', 'https://twitter.com/_Tymoshenko', 'https://cutt.ly/PFbY68i', 'https://cutt.ly/8FbUsj7', 'https://cutt.ly/rFbUnaE', 'https://cutt.ly/UFbURvQ', 'https://cutt.ly/uFbUU3u', 'https://cutt.ly/NFbU77F', 'https://cutt.ly/aFLI2ca']","['www.comebackalive.in.ua', 'prytulafoundation.org', 'www.instagram.com', 'www.facebook.com', 'twitter.com', 'cutt.ly', 'cutt.ly', 'cutt.ly', 'cutt.ly', 'cutt.ly', 'cutt.ly', 'cutt.ly']"
